sha256,file,size_bytes,mtime_utc
58129713e63df9765e2eb0e942b850235cd1dd707015c39b86985287e3f08725,.dockerignore,87,2026-10-04T23:59:36Z
8d8adebb8c8355993eb43c3cfb9342b5bfcc9dcecd3bcef3f8920268f6fbba56,.env.example,3322,2026-10-05T00:00:25Z
a6ae5b9f95cbd9368588e24f78c5fd09b4e4175486679104373d1e71c9e5be70,.github/workflows/ci.yml,1893,2026-10-05T00:00:25Z
801b759ffe3228f45d638b81bf12b3f0670b79e2b990b11a0292c1154ca73fdf,.github/workflows/deploy.yml,1121,2026-10-05T00:00:25Z
20f94d480f543159a3c68797c63a52e8e120d5e0e2e601354c026dc88baf2445,AI_SEARCH_ARCHITECTURE.md,2477,2026-10-05T12:37:25Z
651a2b8b54ed78d08feea65c9b2e23b3cf67e406f46f781503b20c65d68d8422,API_DOCUMENTATION.md,4268,2026-10-05T13:50:10Z
ffd8f50865734aadf9875c2b80d5626827da02bd3e276346e7713d6ca1831ea0,CHANGELOG.md,11391,2026-10-05T13:49:08Z
a633fa4895c66c629c1c665734136168a7adacaadd0aa018a4210fc85cf36b33,CLAUDE_HANDOFF_FINAL.md,4999,2026-10-05T13:50:31Z
fd9566af73181187fc176da0a7e93df952b1782cac9630e10bf760cb8134c8b8,DATABASE_SCHEMA.md,3209,2026-10-05T13:50:31Z
1ccd3fe1577be8a1fef6abb2451eed4c745ea5a7fe85dc4624bf08ff6c2c291c,DECISIONS.md,8662,2026-10-05T13:49:48Z
9d65f4ff2656f8dc579b0132f4da404fee8c21e82cf6f352f5fe018932f90d73,DEPLOYMENT_CHECKLIST.md,4343,2026-10-05T13:50:10Z
bdcf65905640480074f526aba13a814f9c457d4d5cf53764d279c9aad0a5bf5e,Dockerfile,1738,2026-10-04T23:59:36Z
51df9bca2511bb2608845a90caf972803388aa83e4007770fbd82ed58780bc19,ENVIRONMENT_SETUP.md,1925,2026-10-05T11:26:08Z
1024a39d618c0bfbf7c7e8d677c5b06a67e587a6c5d3b954f06e9b6828a4694c,FINAL_RELEASE_AUDIT.md,17819,2026-10-05T13:50:10Z
c99e03fa03218d985a69e9162e2b76dfde6938b1bcaa2ce539a056d2ed5f6e4f,FISCAL_RULE_ENGINE.md,1513,2026-10-05T13:44:49Z
300552d9ddd377a06aa2937f52730f2b0e3adf01cf6b10958b4347a7498085d5,INSTITUTIONAL_ELIGIBILITY_ENGINE.md,2310,2026-10-05T13:44:49Z
e276dd1c4eacade293e4a7de168384b6a675c8f786d7534e786b3ad571143282,INTENT_ENGINE.md,2596,2026-10-05T12:37:25Z
c67d1c9596737951a535f9f242570c9002e35ebf86433650f96789860274444b,IP_REGISTER.md,3049,2026-10-05T11:24:41Z
f2fe6b7944f3d10d523e605c9968478acd46b0f3c8b2b6216600f617c764ca58,LGPD_AUDIT.md,3489,2026-10-05T13:49:31Z
731fa6dc717b1cd160ac7813ec5203e2ab3954144a14931acf9855d89163c2b4,MATCH_ENGINE.md,1357,2026-10-05T13:44:49Z
c52985ce3d61fe059cb60fbc88b642b9d17dd4254c67ddc8558d26eb82994c17,Makefile,956,2026-10-05T11:26:08Z
1fe7d7d944ba9b7e13e2d52cbcff2d89ba0fadc484dfe39e6f1f3508c5597251,PRODUCTION_READINESS.md,4744,2026-10-05T13:50:10Z
dd7c3873497e2c01b2aac19c8e8c0a15016e2192ee9916aa2df6589e0d9e18f8,README.md,3825,2026-10-05T13:50:31Z
e81262b7e27ee83eca9c72ab05776f355b011042e7d9a4004079d8a098b9b726,RELEASE_NOTES.md,3706,2026-10-05T13:49:08Z
7207d0741511abaa0056fea8558e4520409d5ff689e88d7dfb79a3f3b9f3ef68,REPLICATION_ENGINE.md,2741,2026-10-05T12:37:25Z
036765f435aeb2dd0b47cef8ce65ba83132883e19fa4a1e3841e1b8eb407bc1b,REPOSITORY_PROJECTS.md,1711,2026-10-05T13:44:49Z
2acec37a02525c7f159ed3691ace247c9e8b6f9feabcf2deb93661dd639e51ee,SECURITY_AUDIT.md,7446,2026-10-05T13:50:31Z
390b91553542e7410d72439c697349fdaf0e92f7a87f3d24d88e2361a02f5325,SOLUTION_DATA_MODEL.md,3846,2026-10-05T12:37:25Z
6da16c4e1588227be122591c124f5492981dbaab66ac1ed80c98707f28b40adb,SOLUTION_LIBRARY.md,3877,2026-10-05T12:37:25Z
d5a6f61a371f783f3144467d20ee0d7f704a1d1c65c0c0e2efec169dfc8b0ca4,SOLUTION_MATCH_ENGINE.md,1688,2026-10-05T12:37:25Z
7b86750121af60075290b7ee58e2e94eac27677674c6c10acac8c2cb7685b102,SOLUTION_SEARCH.md,4039,2026-10-05T12:37:25Z
ee45619f4ba74be57adae56ea86e524064bb009fdc17776ce17fef14eb14f144,TEST_REPORT.md,6996,2026-10-05T13:49:43Z
d6783b9564e0b024c21946ddb9566271d4888477a78bb312f74ffd2e43312ab8,THIRD_PARTY_DEPENDENCIES.md,3768,2026-10-05T11:24:30Z
eb5df560e4959cb8de01e281c4d7176e36ee66a20426447d8eaecddd040f6ccd,THIRD_SECTOR_MODEL.md,3401,2026-10-05T13:49:48Z
dc24feb5bd35084d8ae32a4eafbec12352707d4662401fcbcc9bbd696cde77a9,VERSION,7,2026-10-05T13:37:22Z
e88579cb18f1ed6102db7fb428c0e36f8825a61d3c93f75cf2ab6ed71b638f4c,VERSIONING.md,1990,2026-10-05T13:49:08Z
e3b0c44298fc1c149afbf4c8996fb92427ae41e4649b934ca495991b7852b855,backend/impacto/__init__.py,0,2026-10-04T22:49:58Z
e3b0c44298fc1c149afbf4c8996fb92427ae41e4649b934ca495991b7852b855,backend/impacto/adapters/__init__.py,0,2026-10-04T23:01:30Z
a1a347dbd650ea343a0fd918bc0f814c2f8311f85d7fb8ae3b7b8d5446598643,backend/impacto/adapters/antivirus.py,1436,2026-10-04T23:04:54Z
5a000b6ce3c594cd560833d83f1ad36f9589da31a33b862b4c796c5ba0d0ddaf,backend/impacto/adapters/http_client.py,3740,2026-10-05T11:25:06Z
8a5a7fddd9dd8128e34d79c87eb26242f70d851a7e742bfac59d59360b01516a,backend/impacto/adapters/mail.py,2621,2026-10-04T23:04:54Z
3f27695b235a26066aef90f03628a730d646dcccb49972819b53ff586d3c154c,backend/impacto/adapters/storage.py,4717,2026-10-04T23:04:59Z
b92566c8036967691aa1d99a938c705b75e5b5738d7a9c934d495d017b93f5ab,backend/impacto/api/__init__.py,869,2026-10-05T13:03:20Z
b24b0f2cd6bea2585109eda2ae7d0463a18910131e08ca94b79be7025efd8062,backend/impacto/api/admin_routes.py,32327,2026-10-05T13:08:09Z
25692b2f527c862a9a293117c3a2ac48f2887ca13188aa3a42d0f17ee4d0ce03,backend/impacto/api/ai_routes.py,3412,2026-10-04T23:23:01Z
9f1abeac58d0130448367c41d6d9f623217a6353c80500e9df333d1471a261cc,backend/impacto/api/application_routes.py,18745,2026-10-05T11:43:19Z
4061c5993f98feb7f71c1cd6f3748ef1358cebee73f38998c04b22cbec91addf,backend/impacto/api/auth_routes.py,9871,2026-10-04T23:39:12Z
32abbf97092458b1e075711828cbb50f3632b67697604b887407071bcd1df3d9,backend/impacto/api/billing_routes.py,5983,2026-10-04T23:35:52Z
418ec98c6709813033883d9edf2f16e5ecdb643d2d74e7636ed9e0f9f135032e,backend/impacto/api/call_routes.py,20324,2026-10-05T13:33:16Z
243147b2422df48dc00003d1292f70e6a937afb768344879ed2c0ded9d07d7e4,backend/impacto/api/document_routes.py,33562,2026-10-05T12:59:57Z
cc58c9bb3edcf9a8452f7699b2b73f9a87227081eb1343c62a3147809df546ee,backend/impacto/api/execution_routes.py,18670,2026-10-05T11:45:31Z
b96e4fc31dd2f3e0df8bd8c5e77250b8687adbdf5137ebf3a6bc26aae74b1f91,backend/impacto/api/finance_routes.py,13785,2026-10-05T11:46:10Z
e4805d553edde3b1481565d5a68a637f40026b33a03f6a2cbcf5f4baa7459fe0,backend/impacto/api/geo_routes.py,2502,2026-10-05T11:48:22Z
d60d4e5fd9612319109dbb904633bad8667ace7134086269b114036290140b51,backend/impacto/api/impact_routes.py,27699,2026-10-05T11:45:23Z
9d9705be4ecce737fe90309acfde44b346ac3efd2d43c8ba3896c3c604c76b3f,backend/impacto/api/insight_routes.py,9639,2026-10-05T11:39:32Z
616bf50c1ee76c518ef25de21d898b36f17c6f27c88ecd16656d63bf10113248,backend/impacto/api/institutional_admin_routes.py,30062,2026-10-05T13:23:57Z
8dca9ab3b3c894c44d1a52a1d235eb4152d939a10dfe1dcc2acfd328d2c4f680,backend/impacto/api/institutional_routes.py,25656,2026-10-05T13:24:09Z
a04282b88c887abedff6198f005ea2bcf016e63d06879941cdef6ee39726c5b2,backend/impacto/api/network_routes.py,18329,2026-10-05T11:47:14Z
4ffd3d4941417c092c0a292d2edf1f86d961ec2f43aa62a225f5705cc50a630b,backend/impacto/api/ops_routes.py,7383,2026-10-05T11:48:22Z
8e912f8aa1aa0ac8a0d4a9d98bf83cb0eb772ba3de4c3439d4e975dc6e3416f0,backend/impacto/api/org_routes.py,14616,2026-10-05T13:08:41Z
e1e5b58d8d71c1ca41c7fefdccfc86fb9a63b49b2e773cc24cc6adf3cab50b2e,backend/impacto/api/privacy_routes.py,6271,2026-10-04T23:24:04Z
f877e77220bc504bed88f1ddac69be445f1c468855577462dc0a5f38ee146e1a,backend/impacto/api/procurement_routes.py,11834,2026-10-05T11:45:23Z
ac0e655e13800c9bb53e31ee596f0e6eb72fff35258995b97ba7dce57baf9cf3,backend/impacto/api/project_routes.py,19810,2026-10-05T11:42:48Z
4373f60b272c0a3b305ffde75b82e12f207597b4e23a8ea2767c8dc1598cdc56,backend/impacto/api/report_routes.py,1607,2026-10-05T11:47:54Z
485f64c98088700385248c69a1a1921a2cbf8b2c01fa011d17c9c29a00271e8d,backend/impacto/api/schemas.py,45587,2026-10-05T13:13:07Z
46c4097bcbb9503141d3167126598dae66f3ac629dbcfa1afc550e8585109cc7,backend/impacto/api/solution_flow_routes.py,31856,2026-10-05T13:12:29Z
a6fb4042c9f9ff4ecfaa5aa0814213c94bb30ca4b315ee49c214f5074ac114ba,backend/impacto/api/solution_routes.py,46631,2026-10-05T13:13:16Z
10ca3aaa22bf7859705f153951853b82145a8ea1a1cdd2fa7c5d8723b961a38d,backend/impacto/app.py,12968,2026-10-05T12:19:33Z
80760ccfcf1c73eab781f23e2cf4024428e99c929229c590e7e7782f26e542da,backend/impacto/cli.py,3306,2026-10-04T23:26:47Z
56ab17ff4a9ca287d4d3658ae832fb87478fdcdbbe1b748308c6c02f09b2580b,backend/impacto/config.py,10235,2026-10-04T23:39:21Z
e3b0c44298fc1c149afbf4c8996fb92427ae41e4649b934ca495991b7852b855,backend/impacto/db/__init__.py,0,2026-10-04T22:49:58Z
11b5b98083770c890ecf6780c1cedc09b9936d1cec23418e41636f6c36098a66,backend/impacto/db/migrate.py,6120,2026-10-04T22:57:14Z
6f09662270d3b9e1136db29f4d159b49461a01f7da3e8ec7c01e8fab53fbeb51,backend/impacto/db/pool.py,5414,2026-10-05T11:49:05Z
2e093ea2159d1289d93c11f7415611c1818798f9e8554b6ffc16dda0ce7fb186,backend/impacto/db/pq.py,13812,2026-10-04T22:47:50Z
e3b0c44298fc1c149afbf4c8996fb92427ae41e4649b934ca495991b7852b855,backend/impacto/engines/__init__.py,0,2026-10-04T23:01:30Z
e3b0c44298fc1c149afbf4c8996fb92427ae41e4649b934ca495991b7852b855,backend/impacto/engines/ai/__init__.py,0,2026-10-04T23:01:30Z
e266321cec890334c875fa5cf39cb048f707c53748729ec96f7ac20ffad3d52b,backend/impacto/engines/ai/gateway.py,10141,2026-10-04T23:10:50Z
bba37350d9392f5bf76a320d4d60111052e8d1067b6dcdfe477481762435fba5,backend/impacto/engines/ai/local.py,12872,2026-10-04T23:37:31Z
e3b0c44298fc1c149afbf4c8996fb92427ae41e4649b934ca495991b7852b855,backend/impacto/engines/fiscal/__init__.py,0,2026-10-04T23:01:30Z
c1a7cdd1bd57c30c8f61fd3c7d370957e4d5ee593618edc8e651b2a39ab780e6,backend/impacto/engines/fiscal/engine.py,4650,2026-10-04T23:21:55Z
7d7b37a4b1b142858529b3fbb30fb3bccafa2b9a2049242193f72ce33d88a1fd,backend/impacto/engines/institutional/__init__.py,118,2026-10-05T12:57:17Z
0e75961af4c011a7222eeb35262b49577211ed6784305e405e22bf4f2aff8c66,backend/impacto/engines/institutional/badges.py,6536,2026-10-05T12:58:25Z
fce25b18b88e1f832ea035c1e85b3e6fb7c849d5710f4071f8602d960eb4bf33,backend/impacto/engines/institutional/common.py,2459,2026-10-05T13:18:31Z
f6624897e56fdf2c3a91b810d506dc345e5eac8a1e0530cfc6b442c2d5086059,backend/impacto/engines/institutional/documents.py,1504,2026-10-05T12:57:17Z
665da514f771a7913569444ec9b7a802b17ceecdd74970a83094a427eaab52e4,backend/impacto/engines/institutional/eligibility.py,14947,2026-10-05T12:58:25Z
491cfbfb237c8051cdd9e62907cbe42e8776fe8c4868a736fb6b442cc0ae2050,backend/impacto/engines/institutional/intent.py,4123,2026-10-05T13:12:55Z
f53149811f456b943e93738d6bed702a25a82228ee31a0fa2c9f5bd9cdcf61af,backend/impacto/engines/institutional/maturity.py,6557,2026-10-05T12:58:25Z
b74cbae84c7e6b54ba240819cba32d6aa56b26c6c7888cbd54e1b1ea5bba859f,backend/impacto/engines/institutional/readiness.py,3403,2026-10-05T13:12:00Z
e3b0c44298fc1c149afbf4c8996fb92427ae41e4649b934ca495991b7852b855,backend/impacto/engines/match/__init__.py,0,2026-10-04T23:01:30Z
9b8b08b6f525e96094a513eca1cfc2cb3632840e2e87b31de5f4bb11e3733b30,backend/impacto/engines/match/engine.py,34004,2026-10-05T13:09:38Z
ce47619ff7f537acfb3d7ceac1215b2a47b4f54a6a16f1ac855b3b406ffd2b79,backend/impacto/engines/match/professional.py,6640,2026-10-05T11:40:50Z
9d1ae65ee47844bc16402ef5b95e4ccb570619a390b79f0af36b33c96b6044b1,backend/impacto/engines/match/solution.py,6054,2026-10-05T12:23:25Z
07831f0c56dcda4524eeff07cd384db35df3863d228e0657cae542c8674c0f13,backend/impacto/engines/match/territory.py,1240,2026-10-04T23:01:30Z
95bf312ee8dd1e0f64203edb8f4ffd4da302e66385294b0e5438b4173b3ae3a1,backend/impacto/engines/solutions/__init__.py,122,2026-10-05T12:11:22Z
c08ff6bc5d10beaaa84e9cf75153538f1a95add53d6d7649bd7beba1bf04913b,backend/impacto/engines/solutions/adaptation.py,5293,2026-10-05T12:14:19Z
60b24523f2d91e531f8abc087d01cb919d0114427cbb93fd0be0a01ee683fd82,backend/impacto/engines/solutions/combine.py,4342,2026-10-05T12:14:19Z
e47679eebb7356ac8112da81ed5d887f319fa5fe57efa159b5c0c406d3c3e558,backend/impacto/engines/solutions/concepts.py,3211,2026-10-05T12:11:35Z
f27c93ab7a0fb6b88f18e329b868f3513c50a95f0d827a1a297e1aa27372bf32,backend/impacto/engines/solutions/intent.py,8820,2026-10-05T12:11:35Z
ae6bfb1788e9611a3baef4ad8366042849787dbea7cc9e0f7511062f8249063d,backend/impacto/engines/solutions/scoring.py,17410,2026-10-05T12:12:18Z
8e6c06cb5ca662aaf708b8f566981fa0c36992074e546ca9997d3a9047ec859d,backend/impacto/http.py,21579,2026-10-05T11:49:10Z
0c8dec3550fb92e195c1be8c8f6c9e8527d81d7a2adc2d8d87ed2d8c673a6230,backend/impacto/jobs.py,15886,2026-10-05T11:42:33Z
b8c26ece44b32da0d27e7157dce6bef42c20905c768984689f588b42ab65185f,backend/impacto/main.py,107,2026-10-04T23:11:54Z
92d50514979fadbd3687b3bbca7135b3e73ff026de2ecb6f61ee30e82ce6d1f7,backend/impacto/observability.py,7271,2026-10-05T11:48:52Z
510c1d5747d41de9996e70cebde014da7b1a3c031f1814932295aded8b396f3f,backend/impacto/openapi.py,3307,2026-10-04T23:11:54Z
e3b0c44298fc1c149afbf4c8996fb92427ae41e4649b934ca495991b7852b855,backend/impacto/security/__init__.py,0,2026-10-04T23:01:30Z
0812ab23aba6d306073397686be51882447023b5cdd77947c3c579c121c6fc37,backend/impacto/security/crypto.py,1416,2026-10-04T23:02:09Z
012117437fe500d93511f7cd91252af39eabf03965d3a56320b54a6515e9a39f,backend/impacto/security/passwords.py,3089,2026-10-04T23:02:17Z
265612c1c50727b3a2c692f4778a80bbbc8e2e619a58205303ddfa57710bbb76,backend/impacto/security/tokens.py,1425,2026-10-04T23:02:09Z
209adc9b9d33d67a1c9c58a0735ee2e179c9c7a9255dd55b6525b3b01d9876d4,backend/impacto/security/totp.py,1927,2026-10-04T23:02:09Z
d749f133de3009384181c69db52bda429f8691d90cb3315f917d11a58419f2ba,backend/impacto/seed_dev.py,12832,2026-10-05T13:14:34Z
e3b0c44298fc1c149afbf4c8996fb92427ae41e4649b934ca495991b7852b855,backend/impacto/services/__init__.py,0,2026-10-04T23:01:30Z
7388ca3703f0f109619a9936776c570b2389baae41ff180bc9f1bcc52a650f02,backend/impacto/services/audit.py,1628,2026-10-04T23:03:58Z
268330b7ed04e577a6743ddc189fa5714f8add922bb5254646070cd94caa8515,backend/impacto/services/auth.py,31874,2026-10-05T13:08:29Z
eabddf1aebb3d270cb6eff5778f979c50e2f5395f66f3cfd03aaf3c194076283,backend/impacto/services/badges.py,3540,2026-10-05T11:47:03Z
9b5fa149f06e73b25b4345f90219e22297fcb7acf96cbc85441290fef4ed45a7,backend/impacto/services/billing.py,13190,2026-10-04T23:35:52Z
1273e30852a8c78dda791c7681fcbca68b155575f02142068ae591b028a8f880,backend/impacto/services/catalog.py,360,2026-10-05T13:02:12Z
585958328640eb2fcd931aba01c28e14d2d4650a584c415bb4a75924302e25f9,backend/impacto/services/compliance.py,7802,2026-10-05T11:39:45Z
21485301e9b91cfbc865325fbd8384b8d751d08e69b159bb6a650da5f4835510,backend/impacto/services/directory.py,2278,2026-10-04T23:13:15Z
32398ed7dc6feed7fb80232de6a4041fc49abc2766933d4a5d948433500f0d51,backend/impacto/services/documents.py,5795,2026-10-04T23:33:53Z
b8afabb84d92d72bcef4b68492801461c52139cfd04e5f170df070560df5abfe,backend/impacto/services/entitlements.py,3923,2026-10-05T12:32:29Z
56845b0b84ebc2831fe9fd3a26617066b61e8e94a825c85b15d84fb19839e9f4,backend/impacto/services/geo.py,1549,2026-10-05T11:40:50Z
3e2832fb6dc53d02dff6abbd0791d935ab51f396a60159762fd9d40ee9f6a792,backend/impacto/services/institutional.py,23518,2026-10-05T13:24:08Z
107a9f63b0fd91ed69cb2006ac86835f179900712d887df627a03740230e3df8,backend/impacto/services/matching.py,8333,2026-10-05T13:09:38Z
421f3d2936d6c5a32d425950abe6bd02c7c34d4e973704aa529e1826c7490ec0,backend/impacto/services/oidc.py,6899,2026-10-04T23:39:12Z
e2172d7031c37bee8fc8339d5214bde5b83d4903ea57f03c5f7df95412ab8b98,backend/impacto/services/payments.py,14046,2026-10-05T11:41:53Z
88b7b453c8b0b322f245c62e3bbbffb8f789c66ec4e1c1a456ba7a1c638ddae2,backend/impacto/services/procurement.py,3441,2026-10-05T11:40:50Z
139491a7d27f3a8752f03fc037aef9604e7eafbc518fe4f6854741f14ed99cd1,backend/impacto/services/ratelimit.py,1844,2026-10-04T23:28:28Z
c37b1ca795737fd26b5fa84c3aa89b56a7fe8f3bde80a84d4fb33e5f5444081b,backend/impacto/services/reports.py,15024,2026-10-05T11:47:54Z
1affdc437759ca44c9a2b0c987f40eaec2748dc1c34f530b4b751df7e40a5253,backend/impacto/services/risk.py,11512,2026-10-05T11:42:23Z
9ac3ea243e6047c8d51b44f7873d5071197982ca2308f88993a34d60581d8779,backend/impacto/services/solutions.py,17814,2026-10-05T13:13:07Z
92854e3a0309b9c58ea02ac25f603c50b81753a51b7118f6fde35b5edf06602b,backend/impacto/services/validators.py,1626,2026-10-04T23:05:28Z
82cf7cf6e269015d649f490a86af9bae46a32724c6f35eecdcdbe90fbcb82503,backend/impacto/services/workflow.py,12029,2026-10-04T23:17:09Z
507f3767c03ac404c3473de354834efb4bba49d08ceb1b107944d0db61a8eba5,backend/migrations/0001_schema.sql,49442,2026-10-04T22:54:00Z
41c4acb05f9e8805f1b0cdb0d4be3cf12e2d0b86bc12b5e9b0e9dfabfddc9065,backend/migrations/0002_security.sql,37089,2026-10-04T23:34:12Z
31484a0a83396b2b3f72e65fe2802023b1278452fbb96062652310515f7315fd,backend/migrations/0003_match_support.sql,3634,2026-10-04T23:33:53Z
b63bbfb07cad4d54aaee4e0d7371f2ad11e538044cadd48f410c0d17149d537b,backend/migrations/0004_v080_modules.sql,47500,2026-10-05T11:54:29Z
283b007252b38951630992421ebe380df2cf7496bf6aa8c0c53bda18ebcfcff6,backend/migrations/0005_v090_solutions.sql,47949,2026-10-05T12:23:37Z
3c33e6456eea294f1489f0578156d8c66807c96134e61ab26e3cfd7d5e5272fa,backend/migrations/0006_v0100_institutional.sql,42434,2026-10-05T13:06:17Z
11c5d8e7688880da3859db2e60f9a04d0090ce0902b4d33dee6cba1612852319,backend/pyproject.toml,404,2026-10-05T13:37:22Z
0558487e45f85afa7f4f9fd2bc45c756faef2490756bcbb3edfbc3add0a513fc,backend/requirements-dev.txt,93,2026-10-04T23:58:30Z
cfae7ad809a844e6b84c563465b4ad767e75a058ac36e4e748de36e6073f36f3,backend/requirements-optional.txt,132,2026-10-04T23:58:30Z
7e6ab5516afbeca7603f5c0df047efe242bb59fe2cb0b27c7d2e44d60b448821,backend/requirements.txt,373,2026-10-04T23:58:30Z
df2b2bd9d36e88227789ac39ecd7c91d93ab7d5959224f0a4317b0c763a04892,backend/run_dev.sh,291,2026-10-04T23:11:54Z
e3b0c44298fc1c149afbf4c8996fb92427ae41e4649b934ca495991b7852b855,backend/tests/__init__.py,0,2026-10-04T23:29:03Z
0302d60999154f39ab59e0d2f816e9281943ab1ad553778f5d0d78b72c2e15f2,backend/tests/support.py,11321,2026-10-05T11:53:22Z
7817195c65d464f5f2b45cb31da043898cca55bc63e22f504288b1d889709794,backend/tests/test_api_auth.py,10372,2026-10-04T23:29:50Z
4415cb37a6517cf48a04b27f54bae1b6583783387d5fa4510ea1f826c25e3138,backend/tests/test_api_features.py,20248,2026-10-04T23:35:52Z
fcadbd11e33d6d20110132d3ede873b1db1e77a4776c6e1a2f10b8a6f6f62b76,backend/tests/test_api_workflow.py,20894,2026-10-04T23:33:15Z
91ae1d236ae53f47562690fc0bf1c33cd4d59308a8351576c856f3b61d783f0a,backend/tests/test_architecture.py,4912,2026-10-05T12:21:16Z
02451e0d7dd04f0e3585b5b9f603411af49280af490a421c2a4c6188fedf4aec,backend/tests/test_e2e_v0100.py,2745,2026-10-05T13:43:24Z
90a146f9f46ffc9d99523078461ea6a0a3360d607373e1a63a143d184d84dc33,backend/tests/test_e2e_v080.py,5019,2026-10-05T12:00:46Z
b1c5cd3e44610ceb5c99febdfd6218043332e7c29da45172fc9e537dd42c79c5,backend/tests/test_e2e_v090.py,7307,2026-10-05T12:31:30Z
6c470e1c8359dfd3e01317834da42e0b138c9ae03428dcf0b57d25427b9da3f4,backend/tests/test_e2e_web.py,5018,2026-10-04T23:57:26Z
41e66f8c4436cc1d1e8ae5e97ac3c89e6e6059397f1b600a4705178dd740d3c1,backend/tests/test_oidc.py,5475,2026-10-04T23:39:12Z
6771342a1d787ae28ba8807fd15d8266dacbb17204fc157666163e7315118941,backend/tests/test_security_tenancy.py,14168,2026-10-05T00:21:35Z
5f6e379fde63c090b41b97569922acef2ec0e33e8337d58eb0f0af8f54341e72,backend/tests/test_unit.py,19798,2026-10-05T13:46:53Z
cf4f3c003661de35ec085d91b93015c9ae99fbadbd671fa8e9f110c15bc3a9c2,backend/tests/test_v0100_institutional.py,47521,2026-10-05T13:24:16Z
6275be40da81f2012169189b2e29a3d9a0e174af8b3305c9d9d6d936a29af8ce,backend/tests/test_v080.py,53013,2026-10-05T11:56:09Z
dc939b3f6d7a7f03266967f65d2f8f6a22fe3b47eaf043d3627779b7beeb4f10,backend/tests/test_v090_solutions.py,43244,2026-10-05T13:15:58Z
49f2ac6cdc120527783e466842a95640eaac823cf6b8ec0949e851f9828fab0d,config/determinants.json,1377,2026-10-05T11:44:51Z
8ce160207b5f5588ea87e61b0461a3718dabde9d91186b911c94a441082533bc,config/fiscal_rules.candidates.json,4906,2026-10-04T22:58:03Z
9a6f67a7a3eb711682461680da1d66fd878404c4ba0fbe454b33e2f99b62a0f9,config/institutional_maturity.json,746,2026-10-05T12:57:17Z
e7d1e292375d2df4fe597fc6b7641b0dac79280720ba09f5971e5a52033e78c7,config/institutional_rules.candidates.json,3645,2026-10-05T13:23:51Z
946ef7ce6a270c8ca20aa5495b4b121dd54e8db532bfcfb77c16ee16649a9472,config/match_weights.json,1027,2026-10-05T12:10:47Z
db94e8932402e5e423aabc609822299182dd755aa3a40ee2f15d09526cf9b037,config/plans.json,5804,2026-10-05T11:39:45Z
7a69ee3593fd480df530992f6433af26448cc4b52dcebde77049c6da2371c692,config/solution_concepts.json,16331,2026-10-05T12:11:35Z
9f933eb2d5fa2a68e00554d81bda350475dc50e5e6df35c8db74eee78bf7c4bf,config/solution_weights.json,1268,2026-10-05T12:10:47Z
4d06d06494d2418302fdad6e8a9a721a0570023d7afc62fd574209c053feebb7,config/taxonomy.json,6537,2026-10-04T22:59:36Z
a725e213cf56f7e5b8de3687098608e1455e7bff171d56e16b6821586930424e,docs/ACCESSIBILITY.md,1513,2026-10-05T12:42:33Z
0e16d6e6d9853831df2f048e586ba51b583691cbf841c893027799fc4400163b,docs/ADMIN.md,2047,2026-10-05T11:22:09Z
49e72e2b5bca1ddf5ec77ca080d9eab9a8ed4e2ab68e6cafb3d2e21a2c3537ac,docs/AI.md,3022,2026-10-05T12:42:33Z
2105494919e3331e285c1af8ebdec9363fab2ea9cba6854c384bb908514a9194,docs/API.md,56752,2026-10-05T13:50:36Z
a7c9e3e8edb1ed68d65a6441b8d48a487f0998aa2971b5a9ff39276a93ab7f4a,docs/ARCHITECTURE.md,5580,2026-10-05T00:17:40Z
2bd87f96d33752be561aca78e91cd3fc93c531c8a4411c65266cf47e810a8aae,docs/BUSINESS_MODEL.md,2953,2026-10-05T12:42:33Z
bf4e3f02dfee81d54fb968c453c1e922009233d6c7623584a8d91c9141720aa1,docs/COMPLIANCE.md,2028,2026-10-05T11:26:18Z
5cf03575e7e2d7b3f5f0ce9aa7f960339de959b7c6224ed1e5ce765c8e38f23b,docs/DATABASE.md,5084,2026-10-05T12:42:33Z
54c41acb2d4fa9e7df4f6f7c9b4c1c034c0d1b9566f8c96406d2c2bf19933ed8,docs/DEPLOYMENT.md,3476,2026-10-05T11:22:28Z
b756423b904ca531c64d537920cd33fd14cdb4a6b3de6998c1208355c17dc0c4,docs/ESG_ODS.md,1831,2026-10-05T12:42:33Z
0a1bd9e297ce96b08d1bb6cd423b5b7c444fddaad78b4a00b5c86a1cbf2ecedc,docs/FISCAL_ENGINE.md,2099,2026-10-05T11:20:06Z
6aa5465dbefddf22a7160a35ea55b34603a634bd0e971dae5d7fd6b562cc02d5,docs/IMPACT_GRAPH.md,838,2026-10-05T12:42:33Z
879d0f10d3c7c8574dc529d1592b527a4cbfc8fbb4e4b745c39a7ae441d6b980,docs/LGPD.md,2717,2026-10-05T12:42:33Z
acaf6e9970932c8004179a583ee81eea4613ad77867bd28f762dbb3a7f22e1fe,docs/MATCH_ENGINE.md,4162,2026-10-05T12:42:33Z
90852ddb825971c43c9c9681dfb7c9ef1b12fd30c54db6d6e612977eabd585d0,docs/MOBILE.md,3174,2026-10-05T11:21:52Z
27381b7a8264a7bde61c152685277b1284b99cd7bb17d70e3c4591d0f93700a6,docs/OPERATIONS.md,2488,2026-10-05T12:42:33Z
60ffb5684d9814496306ba45ccc0be9bdceb3dea5bf359645fc8989cf01aa35e,docs/PAYMENTS.md,2059,2026-10-05T11:26:57Z
4f45e8f9b3b8bc7a27bbe9efc929a9ec0e1b3ce9c1a8872d781beefdbad1657c,docs/PROCUREMENT.md,834,2026-10-05T12:42:33Z
5c0913b57e0b35ad60085d421472d1e871485b86883443fe3bcc47de96193973,docs/RISK_FRAUD.md,1320,2026-10-05T12:42:33Z
5b057dca204901f5036b760f3fd154287cc84d0dc10652b83c6055886d0b8c0d,docs/SECURITY.md,5499,2026-10-05T12:42:33Z
ae0fd7b24bb202166a45cef9cf39de16864a19478bf6c4c9a67815912f2b5460,docs/TESTING.md,3954,2026-10-05T12:42:33Z
17345b6fb310e332cae016c5546ff77ddd0899e475202a2b3835d674fc9b5565,docs/evidence/loadtest_v0.8.0.json,1541,2026-10-05T12:02:51Z
ef58dbda68958e52d5ffa6550a8c223a634a7a7d3fda18706a32216cd592fa6b,docs/evidence/search_perf_v0.9.0.json,291,2026-10-05T12:34:56Z
2887ed98eae7365a8b0b9c3b7da9f9c03ec422b6d131270493f2d16c8a233812,docs/evidence/test_run_v0.10.0.log,32998,2026-10-05T13:48:41Z
acb4bfa80d6f0cba97978cdddaf640fe126bc6ee71e63073b5463e2c27044c14,docs/evidence/test_run_v0.7.0.log,14949,2026-10-05T11:28:23Z
83e79a155a0e18746d644148d597b225241a1348eb17fde30571e9e57dd05489,docs/evidence/test_run_v0.8.0.log,18649,2026-10-05T12:05:18Z
06cdcc0ba9ec54c340b4674fb0a9f547f892d68d279c0d8c21c6f48dac146e75,docs/evidence/test_run_v0.9.0.log,24711,2026-10-05T12:43:35Z
475b0d7c2a488be47ce7b9328433846cc8b6df0e78f6e84d6f05dfc266dc13b3,docs/evidence/weights_sensitivity_v0.9.0.json,5927,2026-10-05T12:35:52Z
874fc656c89c1195d96cd43510eb2bdc754fe1af757d90e1ed4b857a41ccee4e,docs/legal/COOKIES.md,1592,2026-10-05T00:12:18Z
ff09f82ea80a7cdc8f3833ce7fa7eb32be3806f4ece33ce0f34ba6c9487cd8b0,docs/legal/PRIVACY_POLICY.md,5395,2026-10-05T11:20:52Z
10174f6a893b8ca1c1f3b9fa540be0c3751474e5e9632e9fef08ed2ccbfc2e97,docs/legal/TERMS_OF_USE.md,6425,2026-10-05T00:10:22Z
8b2b8f20d5da4c08751c92f0d1310e7376cafb1ab91289a191a4119f4a50c4c1,docs/openapi.json,448706,2026-10-05T13:50:36Z
90740f58a76b23bb45ee84d755f8df274f1c6b72dc9622f685cb5db4afe44476,history/v0.6.0/.env.example,319,2026-10-05T11:22:28Z
bc864bee26026a5c00e02bf573bd614a6648c333d9345f9246096ce753404342,history/v0.6.0/.github/workflows/ci.yml,465,2026-10-05T11:22:28Z
5bc5725c34852151d3cae5e1acd49702a9132160b7ac6e4458aa9e7c7a13a1d5,history/v0.6.0/CHANGELOG.md,1197,2026-10-05T11:22:28Z
a9eb9ade4b8156a4ca4caa730352ac711cc7dffa8d9945db1f707413d767cd3d,history/v0.6.0/CHECKPOINT_v0.1.md,1579,2026-10-05T11:22:28Z
c982ef5d094ba588a43658aefef8dd53dbd4cd62f48fbb89b204fe566c1a599f,history/v0.6.0/CHECKPOINT_v0.2.md,339,2026-10-05T11:22:28Z
ac668e00dbad07721cbbdf6492268b232ae2aaa44276aa081ba1e59eed47f1b9,history/v0.6.0/CLAUDE_HANDOFF_v0.6.md,2191,2026-10-05T11:22:28Z
601f9f1157d589a1b662e43f4974910af8eda7d1e22d1ff5bcb9024063d530cc,history/v0.6.0/DECISIONS.md,2396,2026-10-05T11:22:28Z
be4176ca098c80b7dae5190e04a9a8c6ba2384b0386ce00bae94e3b096043981,history/v0.6.0/DEPLOYMENT_CHECKLIST.md,887,2026-10-05T11:22:28Z
ae3ecbd7ea57bf925ed09fd6366b5cc18c52e183f15621fff19336dc4b586621,history/v0.6.0/Dockerfile,277,2026-10-05T11:22:28Z
1c23c5d7072aaace1707943f6465303fe6d8b86d6c59c184a6c1ef248edf30c1,history/v0.6.0/FINAL_RELEASE_AUDIT.md,7673,2026-10-05T11:22:28Z
203e1617cb7a9e8c279ba32eef774accc57f8baf98321ca490d1351449abd377,history/v0.6.0/MANIFEST.sha256,5804,2026-10-05T11:22:28Z
c644f0bd55f56856dc922c9ae04186cb147691c2249f450f2af1d48c69a16c30,history/v0.6.0/Makefile,166,2026-10-05T11:22:28Z
3f4dd308947d47169963f2fb173d918763d88d8488e1111f2f361fe3a9b116c4,history/v0.6.0/NEXT_STEPS.md,1357,2026-10-05T11:22:28Z
e552736fff073624ebdf1a37fafbc275f7762b202814c899be075faa0006af70,history/v0.6.0/PUBLICATION_CONTINUITY_SECURITY.md,3423,2026-10-05T11:22:28Z
3ca3f7a67d5a5136e5130a537fb4bf880981aabd5409468f355e299aea385475,history/v0.6.0/README.md,3350,2026-10-05T11:22:28Z
59978dab5a07f0d0c9b8a3a5965739fd57d95640faef22ae4ed9d26447963437,history/v0.6.0/RELEASE_AUDIT.md,1232,2026-10-05T11:22:28Z
5f653fb830aa3ca8de0cadbc10a9690904a7f9e05ccb822c4c824782d2525ab5,history/v0.6.0/RELEASE_NOTES.md,1997,2026-10-05T11:22:28Z
97a5d6e540a6120d09c39ddb667e0e8e2bac7fcc2ffef813b82e08fd60365bce,history/v0.6.0/VERSION,6,2026-10-05T11:22:28Z
13fc56fa8715a6a6c0782e001fa22819bfb1bef2c0d27d6dd3857960cd84e843,history/v0.6.0/VERSIONING.md,1738,2026-10-05T11:22:28Z
1536c72da2fa576d7df6f21449cfcd9abf733fcb98e815577ef9896cc34a3e92,history/v0.6.0/config/match_weights.default.json,406,2026-10-05T11:22:28Z
51a26f955258044bc7376c158ea2859e841c5621e92a29c6df0cde3dd0944048,history/v0.6.0/config/plans.v0.1.json,1959,2026-10-05T11:22:28Z
8febe4cef4cff1288ac13f6d1693f5a9353c172fa724a5a7e5d3c8628510b78f,history/v0.6.0/database/draft/schema_v0.1.sql,4172,2026-10-05T11:22:28Z
ae80f071dbcd111ba449910642b01f0cf70243ad399ef487210f086979fbe101,history/v0.6.0/database/migrations/0001_local_mvp.sql,1195,2026-10-05T11:22:28Z
7f739bdf085e118afe457cc7983f9975c8d480fb9c3cf49f2668aafb8bafb658,history/v0.6.0/database/postgres/0001_rls.sql,1073,2026-10-05T11:22:28Z
16ad9eac4cf1981a2de6d14ee53fb4761fbd2397b777ac59404cebf1ebbe8005,history/v0.6.0/docs/ADMIN.md,968,2026-10-05T11:22:28Z
e7e15933b5f7b1081eb0e25726bb10013a04995d414fd69d145c4f7eea8f3ad8,history/v0.6.0/docs/AI.md,1569,2026-10-05T11:22:28Z
b5018187f8857df352517d8026c0cc3567123633fe91d7cc8aaf4938b69c7bcd,history/v0.6.0/docs/API.md,1962,2026-10-05T11:22:28Z
77c7ed3196d0b1d0e3c510dd88178eb1eff74bea8a9d3768a4fa7511c1790f89,history/v0.6.0/docs/API_IMPLEMENTED.md,5434,2026-10-05T11:22:28Z
f472e9d340d4cbba064bd10ad467742ec65e40e78a494d240af5209f205decd3,history/v0.6.0/docs/ARCHITECTURE.md,2468,2026-10-05T11:22:28Z
51b205c14c3f92db75708f1645bf6dcd92eed6ee762995f1adc6906c60240704,history/v0.6.0/docs/BUSINESS_MODEL.md,1686,2026-10-05T11:22:28Z
318f787f59d0ecf2130c66bb40e8b377e01af323dcea9cdcee4048823103d5e9,history/v0.6.0/docs/DATABASE.md,1729,2026-10-05T11:22:28Z
bcf51197e86128b8e43ff2320d27ff0624245f9717d7506b9e94386ce41b1e85,history/v0.6.0/docs/DEPLOYMENT.md,1175,2026-10-05T11:22:28Z
c6c7edcc54aa3b19e0a9e3795557d9981ee6a383d4e3575e5c0ceb482bbad77a,history/v0.6.0/docs/FISCAL_ENGINE.md,1958,2026-10-05T11:22:28Z
42505cf89da088d3e564c6577f61b949f59c06a7c29ad7f6beefab17103fce38,history/v0.6.0/docs/IMPACT_LEDGER.md,1137,2026-10-05T11:22:28Z
cbb848c4a8c5acc16460abb5574b11e177a536316f5cda771584c6c41b0d2504,history/v0.6.0/docs/IP_REGISTER.md,1173,2026-10-05T11:22:28Z
192301490043d88c777b1e2add0efc0ff29263dd0318fd45b1e6bf0efb0a988c,history/v0.6.0/docs/LGPD.md,1784,2026-10-05T11:22:28Z
55a899f12864452b397af1d4c0f9a37c8ce7b24d56efd6566209908da84927b9,history/v0.6.0/docs/LOCAL_MVP.md,1681,2026-10-05T11:22:28Z
b6427f6de8fb49bc823c8bd5ad07afd257babb06a095b6b2c7dc0aeb05e16905,history/v0.6.0/docs/MATCH_ENGINE.md,2569,2026-10-05T11:22:28Z
fdb0c544bc0e1798826f13f355e862ecba49a51f08103a8733f9308eed22f43c,history/v0.6.0/docs/MOBILE_AND_WEB.md,1096,2026-10-05T11:22:28Z
3adbadb98aed395da1cf60c1e199a2571c1eb702217fccc718a9d944b3ff19cd,history/v0.6.0/docs/PLANS_AND_ENTITLEMENTS.md,3245,2026-10-05T11:22:28Z
54ab2cdd4690579b79f26760d91cbda8cf600b590eea8a944a3ffeacab5f6b17,history/v0.6.0/docs/PRODUCT.md,3347,2026-10-05T11:22:28Z
3ca09d4079ecf5db4d11e94f47474f3033ad3ec5c3dca8a986a0d4c4b5db090d,history/v0.6.0/docs/PRODUCTION_CONTROLS.md,1225,2026-10-05T11:22:28Z
3fad82c51822b1de4e1f8658f3e71df855f40c24192e9a03abf40c1a56262629,history/v0.6.0/docs/PROVIDERS.md,2690,2026-10-05T11:22:28Z
b2f9f5d86ea2d1609529a52be6f84297d1b2c7231f464d593526d20fa8fdb208,history/v0.6.0/docs/PUBLISHING_CHECKLIST.md,770,2026-10-05T11:22:28Z
a09213475c13e6a5dedd54fa421681bf63c8c8e3c7ffd7fd1e645f80da36bb7e,history/v0.6.0/docs/REFERENCE_IMPLEMENTATION.md,936,2026-10-05T11:22:28Z
33422756c95f02a22a4892ec14758ff5cb4bd409abce2615577e9abbf4660f69,history/v0.6.0/docs/REQUIREMENTS_TRACEABILITY.md,1601,2026-10-05T11:22:28Z
35b43904f0e596f6b7dd8119086bd0a134ce9fd9ad44bf41883e56e0bc12a718,history/v0.6.0/docs/ROADMAP.md,867,2026-10-05T11:22:28Z
d4c541eef5fa74ee3e1a9fa7adb7658dd4c5c1c4c9ec7423d18fd35022d024b8,history/v0.6.0/docs/SAAS_CORE.md,1039,2026-10-05T11:22:28Z
1f308f9c840f990999f765c5c7fa1296d0b0daa3beb2454d2b18f6cc6045aaa9,history/v0.6.0/docs/SECURITY.md,1493,2026-10-05T11:22:28Z
76265cd9fd6d39db38de489d7b8b88ea6120e3220561aac1f77ec23d50606316,history/v0.6.0/docs/TESTING.md,1081,2026-10-05T11:22:28Z
654413468549f83063ee5dc10d357ec8b424c165f9dc6c41fae21ed50e87b06e,history/v0.6.0/docs/THIRD_PARTY_DEPENDENCIES.md,888,2026-10-05T11:22:28Z
ae384d35fbe3945a0fa15671c615dbdaaa8ab2dec8008ffe2834a4c26277c699,history/v0.6.0/docs/USER_GUIDE.md,771,2026-10-05T11:22:28Z
58890e819c65cd1688076d2021fd2652a613e4ad59b044ff1a760dc2ddb28ba7,history/v0.6.0/docs/VOUCHERS.md,3548,2026-10-05T11:22:28Z
bae24438f3d6741ba23839b71403754de8666e00149f4495ef6f53fac6b3fa69,history/v0.6.0/openapi.yaml,5136,2026-10-05T11:22:28Z
2656b667b195c71e3c8c9e71228b639c54775ea9cfeb67bc2eb70f8d8f43c255,history/v0.6.0/requirements.txt,70,2026-10-05T11:22:28Z
367b815d3c9d44a3c8c761364694dc2b56597ed872d61aea63120518a7a2548e,history/v0.6.0/run_local.sh,154,2026-10-05T11:22:28Z
e77df005c2ab435c773f3debc6e1904432e67bd1c0005f99ec649505ee665ffe,history/v0.6.0/scripts/backup.sh,547,2026-10-05T11:22:28Z
d5dbdc3cc5076a25680ae40b8d250a9d3c3497fc535fb02632327c1c252c9207,history/v0.6.0/scripts/make_release.py,799,2026-10-05T11:22:28Z
7434bae3d5f7e1873e296d63ad3f4264aa02ec6ee399508a618af86e4d076464,history/v0.6.0/scripts/restore.sh,562,2026-10-05T11:22:28Z
2b032e0be79d450a032bca94631d6ed6649aaa89ebdeb8f41c01ec32a698c7af,history/v0.6.0/scripts/security_scan.py,710,2026-10-05T11:22:28Z
d3322be1bed4a96487dd74b408aa228f156018fe42eeaa5fde67d786be959f7a,history/v0.6.0/sources/Estrategia_Plataforma_Impacto_Social.pdf,479468,2026-10-05T11:22:28Z
e0e3b766e3b7809fc7fefb8b5f8899f98810e360a23544fdf625ec87c600ce09,history/v0.6.0/src/impacto/app.py,23126,2026-10-05T11:22:28Z
cff968163720f4bdc887ac32b38ee800fe00bb9a43bf959470196f8d3db6a010,history/v0.6.0/src/impacto/providers.py,2890,2026-10-05T11:22:28Z
7c091285b34ed506087cd89f18108e16ef93d7d95d535bf71f36b84467faddb4,history/v0.6.0/tests/README.md,274,2026-10-05T11:22:28Z
ce41f841b8e81341df79d4bd2aef62e39d13fab0fb97bcbc343fe30b6f47d970,history/v0.6.0/tests/test_reference.py,2556,2026-10-05T11:22:28Z
2e7de4ef2ce59a33710293a6b5f9265e43f4e3e15ae6e3dab2f9e571370fedff,history/v0.6.0/web/index.html,10151,2026-10-05T11:22:28Z
6cae4e08da687d83dcc2658c581c90f36c77487c33ae01fd4d44250d624fce36,history/v0.6.0/web/manifest.webmanifest,188,2026-10-05T11:22:28Z
d8d36ae83ef17e50634cc496712e6e33dd881edf9dbbdb68df70ddafff9fb736,history/v0.6.0/web/sw.js,250,2026-10-05T11:22:28Z
70cc1282ec564195f08b9978d9e6066f91b98dc5ec1588ebac420d2763d67625,history/v0.7.0/CHANGELOG.md,2664,2026-10-05T12:03:15Z
5ce271ab4399e1d8a5e86eebc19683ca976b782f14676157548d9d3cab6affc0,history/v0.7.0/CLAUDE_HANDOFF_FINAL.md,3264,2026-10-05T12:03:15Z
47a73e7a03416e814ce0e3dfa2e3126fe17d696ca9bd3ecdbd8a1aeb889e09ac,history/v0.7.0/DECISIONS.md,3464,2026-10-05T12:03:15Z
62ceb147713ca87d1784cb71c60c9f4cf6f940638ca0c38f9a21eec049c2b739,history/v0.7.0/FINAL_RELEASE_AUDIT.md,9878,2026-10-05T12:03:15Z
60376651728671d934035f67cfda1cc53d10202215f34b6d79b46176a3136249,history/v0.7.0/LGPD_AUDIT.md,2047,2026-10-05T12:03:15Z
8b12664542db77ff4596d05146548da717880b50441c135c48804eb3930aef84,history/v0.7.0/MANIFEST.sha256,990,2026-10-05T12:03:15Z
e43b5bc9f09af789c57bc152cb920a1eab43259f091b8df4531bdfbb78af5916,history/v0.7.0/PRODUCTION_READINESS.md,3304,2026-10-05T12:03:15Z
54986fa6b136836d2a165ccbd78c9ff36859ed74cea87cb20934797011af0ec6,history/v0.7.0/README.md,3076,2026-10-05T12:03:15Z
e4849a3304d7ec25ae2def8586a865644205998e31745c924c8b7a353220ed83,history/v0.7.0/RELEASE_NOTES.md,2064,2026-10-05T12:03:15Z
d19f1bec8ea34bddb3f59a7e6fdb08ee148d1c5c2e9b6478d49dd41e2be95149,history/v0.7.0/SECURITY_AUDIT.md,3381,2026-10-05T12:03:15Z
967d9afb101346667166f2e76e81910bc190488d7d41d50ca0072e9d92f00e32,history/v0.7.0/VERSION,6,2026-10-05T12:03:15Z
bd245f2a6164dd11ae0950af691cbd42106210fffe26797a18d31b05b9893cbd,history/v0.7.0/VERSIONING.md,996,2026-10-05T12:03:15Z
acb4bfa80d6f0cba97978cdddaf640fe126bc6ee71e63073b5463e2c27044c14,history/v0.7.0/test_run_v0.7.0.log,14949,2026-10-05T12:03:15Z
f7ef7fa9a948b7fc983aa96a0a9991e575aeffcdc7f8d6063c1cfa2d9a8e4f00,history/v0.8.0/CHANGELOG.md,5713,2026-10-05T12:35:08Z
5ce271ab4399e1d8a5e86eebc19683ca976b782f14676157548d9d3cab6affc0,history/v0.8.0/CLAUDE_HANDOFF_FINAL.md,3264,2026-10-05T12:35:08Z
81aa7c2442eeb4b7f246df2d76f95a6f5420f124932e1afec2e022ca257717c3,history/v0.8.0/DECISIONS.md,5112,2026-10-05T12:35:08Z
62ceb147713ca87d1784cb71c60c9f4cf6f940638ca0c38f9a21eec049c2b739,history/v0.8.0/FINAL_RELEASE_AUDIT.md,9878,2026-10-05T12:35:08Z
60376651728671d934035f67cfda1cc53d10202215f34b6d79b46176a3136249,history/v0.8.0/LGPD_AUDIT.md,2047,2026-10-05T12:35:08Z
011916d249606baaca3fc3fc92eb429cf0934c668998b11bc4c1fc9f785c29ba,history/v0.8.0/NOTE.md,463,2026-10-05T12:35:16Z
e43b5bc9f09af789c57bc152cb920a1eab43259f091b8df4531bdfbb78af5916,history/v0.8.0/PRODUCTION_READINESS.md,3304,2026-10-05T12:35:08Z
54986fa6b136836d2a165ccbd78c9ff36859ed74cea87cb20934797011af0ec6,history/v0.8.0/README.md,3076,2026-10-05T12:35:08Z
e4849a3304d7ec25ae2def8586a865644205998e31745c924c8b7a353220ed83,history/v0.8.0/RELEASE_NOTES.md,2064,2026-10-05T12:35:08Z
d19f1bec8ea34bddb3f59a7e6fdb08ee148d1c5c2e9b6478d49dd41e2be95149,history/v0.8.0/SECURITY_AUDIT.md,3381,2026-10-05T12:35:08Z
a66780da23103beaf12432b418508966b31a2a3a787f9468a5b6cdaa8667c1ef,history/v0.8.0/VERSION,6,2026-10-05T12:35:08Z
b09784736711ef7564d3597e8710c29143e818cb00187db7636ddd40f6e14497,history/v0.8.0/VERSIONING.md,1104,2026-10-05T12:35:08Z
83e79a155a0e18746d644148d597b225241a1348eb17fde30571e9e57dd05489,history/v0.8.0/test_run_v0.8.0.log,18649,2026-10-05T12:35:08Z
4471557986c95945ec174160fbdd49193e1f84d49c220b5f43b3a5bc41fa26dc,history/v0.9.0/API_DOCUMENTATION.md,2667,2026-10-05T13:37:22Z
87b150747067e9420da90a4d5e21f7683188ac6b6d15144b6b2fea2fb33300d8,history/v0.9.0/CHANGELOG.md,8450,2026-10-05T13:37:22Z
0a38b590b35982c0f079e824534aa32e392895a62ac582196677da491baea705,history/v0.9.0/CLAUDE_HANDOFF_FINAL.md,4361,2026-10-05T13:37:22Z
0ac2cfb89778c3a078ca9a0096767807cd1a6cb6a21d45b11b7ee3c4bf9ef1ab,history/v0.9.0/DECISIONS.md,7233,2026-10-05T13:37:26Z
339004aa943c1381126b01e007654e953bb86b22f9499622378bd07852936e68,history/v0.9.0/DEPLOYMENT_CHECKLIST.md,3624,2026-10-05T13:37:22Z
43d5d5a120b11a3e2bc9a30d76fe776238d6b8d821cf327f4b3c2dda34e8fef6,history/v0.9.0/FINAL_RELEASE_AUDIT.md,14840,2026-10-05T13:37:22Z
eb6f0773bf12d02a34e910e2a7a969919676b90862b568a654922aea644782bd,history/v0.9.0/LGPD_AUDIT.md,2660,2026-10-05T13:37:22Z
5836c3d455c0e8af19f82bcd8e68cf21a44f35f212d7cabe0ecdc2d8cc4dcf00,history/v0.9.0/PRODUCTION_READINESS.md,4505,2026-10-05T13:37:22Z
ad2c25014e0af08a3ad59629308241e591d45d1eb905d0da14f141063c02ddee,history/v0.9.0/README.md,3538,2026-10-05T13:37:26Z
58b06679f3bebbb89a896db53201d06ed613d541b9aa77b9f7788c61a8f40d13,history/v0.9.0/RELEASE_NOTES.md,2098,2026-10-05T13:37:22Z
795b89ebe3b6645697dc25b7d0decfc8aed6d3e0c3c2ee690ca0cca07563de59,history/v0.9.0/SECURITY_AUDIT.md,5658,2026-10-05T13:37:22Z
85e7331761019edd51397709f8fff3b31c2e1c6e9aa4d35ad685be136dc444fc,history/v0.9.0/TEST_REPORT.md,4454,2026-10-05T13:37:22Z
9d8c94f1ad3ea96b1e2ac4914fda4cb93c76b4a3e0d8cc6dd8976d6c0b227d15,history/v0.9.0/VERSION,6,2026-10-05T13:37:22Z
8f79475b793a16a8e7205e5e488912ee52f06b278c871226511dd2354eede866,history/v0.9.0/VERSIONING.md,1610,2026-10-05T13:37:26Z
c8f8c1bc9310ee73e31db0e80d1017dccdb9de6eb9d63f576f439e3baaf0ef82,history/v0.9.0/openapi.json,390422,2026-10-05T13:37:22Z
06cdcc0ba9ec54c340b4674fb0a9f547f892d68d279c0d8c21c6f48dac146e75,history/v0.9.0/test_run_v0.9.0.log,24711,2026-10-05T13:37:22Z
c2a2bf20b958321b9bf709309f6168f65f68f699861b140e4c685c0295e80c00,infra/compose/db-init.sh,352,2026-10-04T23:59:36Z
9d1f2c902c6c17d2ecb9470cd266ac8a4fa12b878b5460a97518c91589f15b51,infra/compose/docker-compose.yml,2195,2026-10-04T23:59:36Z
295ede908097fd2d3cda4f8060a42be4fc4a6436d3955c156cddf5087ef65adb,infra/db/bootstrap.sql,1163,2026-10-04T22:56:52Z
96ed3779afb2fc98e91d5b23bccab19a2cfd33ac8885de3a063416ac6709f2b7,infra/monitoring/alerts.yml,1000,2026-10-04T23:59:36Z
b86708bd15f4163d2109042680a6f3f320850223c6fcef7e262dd9257c84fd3b,infra/nginx/impacto.conf,854,2026-10-04T23:59:36Z
32b64d441b01a9c27da8d2ee9a760e81097dfdbe54dd823aaa5820c136fa2cc8,mobile/resources/icon-foreground.png,8592,2026-10-04T23:58:58Z
5e3b226fa2d641b827347bcaffe840291134ca408d5767faab6f2a5c93d2c358,mobile/resources/icon.png,9775,2026-10-04T23:58:58Z
64ecd7ea3b29f33ca0aa0352f8edc0400b9e7e75a7f825e6ea6e36a7031a80ab,mobile/resources/splash-dark.png,31372,2026-10-04T23:58:58Z
64ecd7ea3b29f33ca0aa0352f8edc0400b9e7e75a7f825e6ea6e36a7031a80ab,mobile/resources/splash.png,31372,2026-10-04T23:58:58Z
1edb7d1b3e34421a8a82d5545a6b04bde554cefe7e0a36fe3d542b4c0af46b2c,mobile/setup.sh,865,2026-10-05T00:17:44Z
33a6a41573f55fcdaec24aaa64b7a2ff04f456327c36c5506daa8f91b86a4d2e,mobile/templates/AndroidManifest-intent-filter.xml,542,2026-10-04T23:58:58Z
0626f7afd51f4637062d1f2972d26b5dae58c705500a8d0336d06f5b8255f2e3,mobile/templates/apple-app-site-association,279,2026-10-04T23:58:58Z
8108c1dae456b664f80f1d2b4b119ae19f27ea401e08ccffebefba572248f961,mobile/templates/assetlinks.json,265,2026-10-04T23:58:58Z
a8dd9399b64e73fdb38d58026578868db35a69b64ab9964590ec88db8f959286,scripts/backup.sh,633,2026-10-04T23:59:36Z
102d176fdcfa9b26b81d32cec604841f785d8dae7130cfd1f83cb282873a188e,scripts/bench_solution_search.py,3227,2026-10-05T12:34:41Z
7d586fe197cc90119bcd7f1a6c139126d53297db42ff565f7f4ff40a4b6430c4,scripts/dev_reset_db.sh,1261,2026-10-04T22:58:22Z
505a2caa44f80a6b0a583046b3cb8c0b1b457d305f646166ef6696a1ce7349ea,scripts/gen_api_docs.py,2639,2026-10-05T00:00:58Z
d2f62477bf8c4234f8307ffec954475b0b86e75f0d468b302d14ca39599deb90,scripts/loadtest.py,4061,2026-10-05T12:02:36Z
c308ca587d84a0903a8215059387bd3ea1102c60fe7c5dbcc140e98713e8b704,scripts/make_release.py,6827,2026-10-05T13:50:31Z
cabbfdb6c5e3aab594cf0605e2924f87e0eb8d1bd594974ce52e8c3a6a443dab,scripts/restore_test.sh,1239,2026-10-04T23:59:51Z
eeb3d309dec78a1d1569c6de5c5798b19befb35f96cae812a3872e745d0503e1,scripts/weights_sensitivity.py,4995,2026-10-05T12:35:47Z
b929549ac9297a4efd63a0f12e46572b9b16568a22b7e7379ef665487baeab2e,web/build.mjs,2889,2026-10-04T23:58:38Z
89d11593cbcb88422119a36b13b0ad3ab59d62244bb23c42f481821179ea0025,web/capacitor.config.json,506,2026-10-04T23:58:58Z
34da368e97573124e29771cff311062fc51e97cf9194d88e784a1bcefbc5be27,web/dist/assets/app-BGMEX7XD.js,558944,2026-10-05T13:43:58Z
73eb5b8574171cae135b43d469b791a1560cb8ab06c4709e5e87878f73ac7d8a,web/dist/assets/styles-JS7ZJ57G.css,23614,2026-10-05T13:43:58Z
9f4e9304747ab14c9108d0f08833513ea19adfd8c1c0c3c40198e4ea9ac835a4,web/dist/build-info.json,142,2026-10-05T13:43:58Z
8eea8287e5876b539670cadb82e99f9a7afddec6f6730811be1daf25d2e9bcfd,web/dist/fonts/OFL-1.1.txt,4016,2026-10-05T13:43:58Z
562392bca83339092253b998c81ca289690b48e89ccade726ebeb73f9f2a6230,web/dist/fonts/inter-Regular.woff,28164,2026-10-05T13:43:58Z
920066f5e274778a1b1bed4b6ee20e46ba7baa9ea9653e2f740b0d66825167f2,web/dist/fonts/inter-SemiBold.woff,30576,2026-10-05T13:43:58Z
822a6621ccbe8d97d20ac88c1c41f5615c9c2c202eaa75f272cd452aac6475a7,web/dist/fonts/lora-variable.ttf,212196,2026-10-05T13:43:58Z
a76e673e8c159466259bfd9d0a2f18a46472991ac1a8f19d506da4a9736c9554,web/dist/icons/apple-touch-icon.png,1113,2026-10-05T13:43:58Z
8655824b85d9165fda384a7403a0e3806bb0f073b010dcad57d9ea082c4bd5de,web/dist/icons/favicon.svg,247,2026-10-05T13:43:58Z
441f209f00f99e9c7eabce78c6d84fbff9506eeee441fb183cfe6d93385c4c13,web/dist/icons/icon-192.png,1210,2026-10-05T13:43:58Z
ba3cc983ac522aad48f312f10b7ea34c883e19eeb8f2b7bd06edfbaad08a7767,web/dist/icons/icon-512.png,2951,2026-10-05T13:43:58Z
5bde1364c0349d7806d5c422b0ab60af8de42488671b9646e48ecf0193322eda,web/dist/icons/maskable-512.png,2690,2026-10-05T13:43:58Z
c308a34e009f29f7b772391956bfa0e9ae336e9b4ec2fd1c5a7e36cbfaa0304e,web/dist/index.html,982,2026-10-05T13:43:58Z
4fcfc8c745cabbd1613b4117d0c2db00490f4e0d537922c37c97e6120504ec6f,web/dist/manifest.webmanifest,852,2026-10-05T13:43:58Z
c4c03932310df57c6fb07f53629995db7248fdf5ec6b6fe37a386854736783a6,web/dist/offline.html,548,2026-10-05T13:43:58Z
4920448bc038ab2cdf70c8c699bd2071fd45890f9638fa7523691ebacb74e81e,web/dist/robots.txt,38,2026-10-05T13:43:58Z
6648812eff1aa6ff2c76ba67fe7daa21314d1559ab337e7732c6c49327e8b743,web/dist/sw.js,1694,2026-10-05T13:43:58Z
affbe44411a537095f8ab78db7b5b92ff30d0e94b3c7e8f288b763843421d7a1,web/index.html,941,2026-10-04T23:54:23Z
a64fc13db8c8de305122aa43563592bacc60fe638954445fcbda66d99914b192,web/package.json,830,2026-10-05T13:37:22Z
8eea8287e5876b539670cadb82e99f9a7afddec6f6730811be1daf25d2e9bcfd,web/public/fonts/OFL-1.1.txt,4016,2026-10-04T23:40:30Z
562392bca83339092253b998c81ca289690b48e89ccade726ebeb73f9f2a6230,web/public/fonts/inter-Regular.woff,28164,2026-10-04T23:40:29Z
920066f5e274778a1b1bed4b6ee20e46ba7baa9ea9653e2f740b0d66825167f2,web/public/fonts/inter-SemiBold.woff,30576,2026-10-04T23:40:30Z
822a6621ccbe8d97d20ac88c1c41f5615c9c2c202eaa75f272cd452aac6475a7,web/public/fonts/lora-variable.ttf,212196,2026-10-04T23:40:30Z
a76e673e8c159466259bfd9d0a2f18a46472991ac1a8f19d506da4a9736c9554,web/public/icons/apple-touch-icon.png,1113,2026-10-04T23:54:23Z
8655824b85d9165fda384a7403a0e3806bb0f073b010dcad57d9ea082c4bd5de,web/public/icons/favicon.svg,247,2026-10-04T23:54:23Z
441f209f00f99e9c7eabce78c6d84fbff9506eeee441fb183cfe6d93385c4c13,web/public/icons/icon-192.png,1210,2026-10-04T23:54:23Z
ba3cc983ac522aad48f312f10b7ea34c883e19eeb8f2b7bd06edfbaad08a7767,web/public/icons/icon-512.png,2951,2026-10-04T23:54:23Z
5bde1364c0349d7806d5c422b0ab60af8de42488671b9646e48ecf0193322eda,web/public/icons/maskable-512.png,2690,2026-10-04T23:54:23Z
4fcfc8c745cabbd1613b4117d0c2db00490f4e0d537922c37c97e6120504ec6f,web/public/manifest.webmanifest,852,2026-10-04T23:54:23Z
c4c03932310df57c6fb07f53629995db7248fdf5ec6b6fe37a386854736783a6,web/public/offline.html,548,2026-10-04T23:54:23Z
4920448bc038ab2cdf70c8c699bd2071fd45890f9638fa7523691ebacb74e81e,web/public/robots.txt,38,2026-10-04T23:54:23Z
8eab6bcea4ec94d1c6ecaa41d9bca01270f93673ad0fb16db30ae46fdf0452df,web/src/api.ts,5345,2026-10-04T23:58:38Z
d7ee8ac232b52d928e33b5604a529488216cd98cc8f1922e482c861d72bf1713,web/src/app.tsx,14685,2026-10-05T13:32:48Z
2b4961872a15627735328065be0286b9df9a906900883c5975e2bf267210c9dd,web/src/format.ts,3871,2026-10-04T23:41:45Z
a455162127dfff3389e9be8e78fae4213d5c18276591463cb8106fba778f3ca5,web/src/main.tsx,1055,2026-10-05T12:02:02Z
c9842bc0266e32b5c5b32d919af38423ad0938589d0014b10b5dd3b4112be8ed,web/src/native.ts,1287,2026-10-04T23:41:32Z
e28f8fcde360f9eb3074246ae34b9a40f67e79e0087b2b448bea2139490d2e9a,web/src/pages/admin.tsx,24390,2026-10-04T23:52:13Z
399c0760f01ee29450ba28ec6cc70c62806e134eb0bb5f0827b9e6b144732cec,web/src/pages/applications.tsx,13658,2026-10-04T23:48:07Z
59ac697887e2874fbfa6ea98dccdf1d3cb10e56a7cfd737643cd0690ac0d9a4e,web/src/pages/calls.tsx,24433,2026-10-05T13:35:09Z
c91046a260428ab9e45e98258eb81e5044de45917089c7ce887c476b06e54d18,web/src/pages/documents.tsx,21776,2026-10-04T23:49:10Z
ed969818a828156627be4672b2d8f045973f7e6f4a93d2d7f4ca774b8ea1f1a6,web/src/pages/finance.tsx,16423,2026-10-05T12:00:22Z
dcb0bfddf6a821f6765f23466d348ccdfc21823ac7ee1b168c7c65db7de10cbe,web/src/pages/home.tsx,6879,2026-10-05T11:59:44Z
48d4e7283c65f592b79eda4e2f9ee3b19271804f1b1fd2df724ec9b9a91e0976,web/src/pages/impact.tsx,16518,2026-10-05T12:00:22Z
fdade9b43d054ab630e633bf92a423396ce146592090579523b70c972bb20053,web/src/pages/institution.tsx,51132,2026-10-05T13:35:21Z
7334e5984f027ae53090296d552749a783939426480e2642f64c8baeb9956369,web/src/pages/network.tsx,9375,2026-10-05T12:01:22Z
a9f94b2d3145faaf6e6f5b05a12b7260157e605d97ed4b596e5941f4510e839c,web/src/pages/ops.tsx,6126,2026-10-05T11:59:32Z
cad4746ff105f4a32653379273d54d685afd3400c93bb38518dfd3d55db2a9fb,web/src/pages/org.tsx,41194,2026-10-05T13:32:59Z
d0e8f8ff4276c3b92208c185159e0042fd7ff8d44ddbd100840c39653bfd4c13,web/src/pages/projects.tsx,36829,2026-10-05T11:59:44Z
f7271534e7c96ff1aee2fe91cde89c9828771941d974da95169c1439a4edd25d,web/src/pages/public.tsx,15204,2026-10-05T13:39:07Z
1230b762dc04776b960ed3e59c1a4d43959adbaf8d8ca9a852dc814b0060ce72,web/src/pages/reports.tsx,6980,2026-10-05T12:01:04Z
2a55870878981b00138c0327fd2a21237dde15f90b0238b4cedbebb9fc4aa18d,web/src/pages/solutions.tsx,47926,2026-10-05T13:37:07Z
02e7114444fc9441f20d58b8cc5d270667cec6a74bfed134a6c2d7b4a99e934c,web/src/pages/solutions_manage.tsx,29189,2026-10-05T13:36:19Z
e3247eb68071ded5d08d908d94a3f9b621a0745c46dd37dcb46c4eef0cfce041,web/src/router.tsx,2033,2026-10-04T23:41:51Z
ee43b838309a040ac9cd8aea5b1a7ac6de9151904ea2ba9548ccb537d36c0fd5,web/src/session.tsx,2113,2026-10-05T11:59:44Z
7102143d05a81d938f90043a769923c84ba6a355023fd73feb65b82e6916c0fa,web/src/styles.css,29048,2026-10-05T13:43:58Z
5236b453aaa0b8470f2d592f3e3236354a2e5a9bb627fed9ea72a1707e42b95a,web/src/ui/boundary.tsx,963,2026-10-05T12:01:44Z
3baa80ac51f60f72f8a81a7ff264a29b1ec1de8611b21d68e564cc96f75fc658,web/src/ui/kit.tsx,11743,2026-10-05T12:29:47Z
3e60c87517019a8786592e292d216d0eec6fadfcdf76a749a6c899820d9fbbe7,web/src/ui/trail.tsx,5380,2026-10-04T23:42:54Z
40892c6babb0eb01e6748ae665e56ff533c631459d9685ef56b727787440dad1,web/sw.template.js,1385,2026-10-04T23:54:23Z
c5137efbe3acd8210961d68559ead39598b85aec2f6a4aa14d91f3da2ebaa954,web/tsconfig.json,385,2026-10-04T23:40:56Z
e2aeef11ee4e5733ad402fcb893340adc8f71c5a08af29cde42a2b1859994868,web/tsconfig.offline.json,504,2026-10-04T23:54:43Z
9dd70ac0856e2670cc0ef51f2202054f3ad89689c578057662e01e1da7dcd156,web/types/react/index.d.ts,2402,2026-10-05T12:01:54Z
241899635ab59583a64b73d988aff937bcb944e1e1021ec720ba182d4c8eeed3,web/types/react/jsx-runtime.d.ts,433,2026-10-04T23:55:04Z
c40185182b6b65d48d245d54c5bd002597984013c315a3909707ba6e7d4a8416,web/types/react-dom/client.d.ts,127,2026-10-04T23:41:10Z
