persona,journey,step,expected,observed,coverage,authorization,audit,evidence,status
OSC,Da ideia ao documento verificado,cadastro e sessão,passo percorrido com sucesso e recusado quando sem permissão,test_e2e_baseline.py::BaselineE2E::test_visitor_signup_login_and_logout_ends_the_session,navegador,classe da rota conferida em API_AUTHORIZATION_MATRIX.csv,evento em audit_events quando o passo altera estado,docs/execution/TEST_EVIDENCE.md,PASS
OSC,Da ideia ao documento verificado,compliance aprovado,passo percorrido com sucesso e recusado quando sem permissão,test_api_workflow.py::JourneyTests::test_full_platform_journey,travessia,classe da rota conferida em API_AUTHORIZATION_MATRIX.csv,evento em audit_events quando o passo altera estado,docs/execution/TEST_EVIDENCE.md,PASS
OSC,Da ideia ao documento verificado,projeto,passo percorrido com sucesso e recusado quando sem permissão,test_e2e_v0140_trust.py::TrustE2E::test_public_campaign_shows_remaining_quotas test_e2e_v0150_web.py::CoreWebE2E::test_blocked_assembly_shows_what_is_missing_instead_of_generating test_e2e_v0150_web.py::CoreWebE2E::test_lifecycle_refusal_is_shown_to_the_person,navegador,classe da rota conferida em API_AUTHORIZATION_MATRIX.csv,evento em audit_events quando o passo altera estado,docs/execution/TEST_EVIDENCE.md,PASS
OSC,Da ideia ao documento verificado,diagnóstico,passo percorrido com sucesso e recusado quando sem permissão,test_e2e_v080.py::WebV080::test_osc_pages_and_report_render,navegador,classe da rota conferida em API_AUTHORIZATION_MATRIX.csv,evento em audit_events quando o passo altera estado,docs/execution/TEST_EVIDENCE.md,PASS
OSC,Da ideia ao documento verificado,prontidão,passo percorrido com sucesso e recusado quando sem permissão,test_e2e_v0181_journeys.py::FullImpactJourney::test_03_diagnostic_returns_the_eight_readiness_dimensions test_e2e_v0181_journeys.py::FullImpactJourney::test_08_match_uses_declared_context_and_ignores_the_plan test_v0200_quality_risk.py::DataQualityNeverBecomesPerformanceTests::test_4_nothing_in_the_quality_engine_feeds_reputation_seals_or_matching,travessia,classe da rota conferida em API_AUTHORIZATION_MATRIX.csv,evento em audit_events quando o passo altera estado,docs/execution/TEST_EVIDENCE.md,PASS
OSC,Da ideia ao documento verificado,evidência,passo percorrido com sucesso e recusado quando sem permissão,test_e2e_v0181_journeys.py::FullImpactJourney::test_07_evidence_and_measurement_validated_by_another_organization test_v0190_lgpd_deletion.py::OrganizationNotRemovableTests::test_1_a_guarda_legal_da_evidencia_recusa_a_remocao,travessia,classe da rota conferida em API_AUTHORIZATION_MATRIX.csv,evento em audit_events quando o passo altera estado,docs/execution/TEST_EVIDENCE.md,PASS
OSC,Da ideia ao documento verificado,indicador com fonte,passo percorrido com sucesso e recusado quando sem permissão,test_e2e_v0181_journeys.py::FullImpactJourney::test_06_indicator_requires_a_sourced_baseline,travessia,classe da rota conferida em API_AUTHORIZATION_MATRIX.csv,evento em audit_events quando o passo altera estado,docs/execution/TEST_EVIDENCE.md,PASS
OSC,Da ideia ao documento verificado,candidatura,passo percorrido com sucesso e recusado quando sem permissão,test_api_workflow.py::JourneyTests::test_external_call_tracking test_api_workflow.py::JourneyTests::test_full_platform_journey test_v0230_kill_switch.py::TheAuditTrailIsNeverBlockedTests::test_the_exemption_list_does_not_accidentally_exempt_writing_routes,travessia,classe da rota conferida em API_AUTHORIZATION_MATRIX.csv,evento em audit_events quando o passo altera estado,docs/execution/TEST_EVIDENCE.md,PASS
OSC,Da ideia ao documento verificado,checklist e transições,passo percorrido com sucesso e recusado quando sem permissão,test_e2e_knowledge.py::KnowledgeE2E::test_academy_course_quiz_and_certificate test_e2e_knowledge.py::KnowledgeE2E::test_cms_editor_cannot_self_approve_and_reviewer_publishes test_e2e_knowledge.py::KnowledgeE2E::test_event_registration_and_trial_request,navegador,classe da rota conferida em API_AUTHORIZATION_MATRIX.csv,evento em audit_events quando o passo altera estado,docs/execution/TEST_EVIDENCE.md,PASS
OSC,Da ideia ao documento verificado,execução,passo percorrido com sucesso e recusado quando sem permissão,test_api_workflow.py::JourneyTests::test_full_platform_journey test_e2e_v0150_journeys.py::J2ProjectToFunding::test_journey test_v0150_upgrade.py::UpgradePathTests::test_05_legacy_project_transitions_still_work,travessia,classe da rota conferida em API_AUTHORIZATION_MATRIX.csv,evento em audit_events quando o passo altera estado,docs/execution/TEST_EVIDENCE.md,PASS
OSC,Da ideia ao documento verificado,prestação de contas,passo percorrido com sucesso e recusado quando sem permissão,test_e2e_v0140_trust.py::TrustE2E::test_dark_theme_keeps_readable_contrast test_e2e_v0140_trust.py::TrustE2E::test_new_pages_have_no_console_errors_and_one_h1 test_e2e_v0140_trust.py::TrustE2E::test_public_campaign_shows_remaining_quotas,navegador,classe da rota conferida em API_AUTHORIZATION_MATRIX.csv,evento em audit_events quando o passo altera estado,docs/execution/TEST_EVIDENCE.md,PASS
OSC,Da ideia ao documento verificado,verificação pública,passo percorrido com sucesso e recusado quando sem permissão,test_e2e_baseline.py::BaselineE2E::test_visitor_signup_login_and_logout_ends_the_session test_e2e_v0140_trust.py::TrustE2E::test_public_page_shows_revocation test_e2e_v0140_trust.py::TrustE2E::test_third_party_verifies_without_logging_in,navegador,classe da rota conferida em API_AUTHORIZATION_MATRIX.csv,evento em audit_events quando o passo altera estado,docs/execution/TEST_EVIDENCE.md,PASS
OSC,Cofre e montagem de documento,envio de documento,passo percorrido com sucesso e recusado quando sem permissão,test_e2e_v0140_trust.py::TrustE2E::test_dark_theme_keeps_readable_contrast test_e2e_v0140_trust.py::TrustE2E::test_new_pages_have_no_console_errors_and_one_h1 test_e2e_v0140_trust.py::TrustE2E::test_public_campaign_shows_remaining_quotas,navegador,classe da rota conferida em API_AUTHORIZATION_MATRIX.csv,evento em audit_events quando o passo altera estado,docs/execution/TEST_EVIDENCE.md,PASS
OSC,Cofre e montagem de documento,montagem por modelo,passo percorrido com sucesso e recusado quando sem permissão,test_e2e_v0150_web.py::CoreWebE2E::test_blocked_assembly_shows_what_is_missing_instead_of_generating,navegador,classe da rota conferida em API_AUTHORIZATION_MATRIX.csv,evento em audit_events quando o passo altera estado,docs/execution/TEST_EVIDENCE.md,PASS
OSC,Cofre e montagem de documento,revisão profissional,passo percorrido com sucesso e recusado quando sem permissão,test_e2e_v0150_journeys.py::J4AssemblyReviewAndSignature::test_journey,travessia,classe da rota conferida em API_AUTHORIZATION_MATRIX.csv,evento em audit_events quando o passo altera estado,docs/execution/TEST_EVIDENCE.md,PASS
OSC,Cofre e montagem de documento,assinatura em duas camadas,passo percorrido com sucesso e recusado quando sem permissão,test_e2e_v0140_trust.py::TrustE2E::test_dark_theme_keeps_readable_contrast test_e2e_v0140_trust.py::TrustE2E::test_new_pages_have_no_console_errors_and_one_h1 test_e2e_v0140_trust.py::TrustE2E::test_public_campaign_shows_remaining_quotas,navegador,classe da rota conferida em API_AUTHORIZATION_MATRIX.csv,evento em audit_events quando o passo altera estado,docs/execution/TEST_EVIDENCE.md,PASS
Financiador / empresa,Da tese à decisão,cadastro,passo percorrido com sucesso e recusado quando sem permissão,test_e2e_v0101.py::WebV0101::test_solution_network_view test_e2e_v090.py::WebV090::test_mobile_viewport_has_no_horizontal_scroll,navegador,classe da rota conferida em API_AUTHORIZATION_MATRIX.csv,evento em audit_events quando o passo altera estado,docs/execution/TEST_EVIDENCE.md,PASS
Financiador / empresa,Da tese à decisão,tese e filtros,passo percorrido com sucesso e recusado quando sem permissão,test_api_features.py::MatchInvarianceTests::test_feed_identical_with_and_without_premium test_api_workflow.py::JourneyTests::test_full_platform_journey test_v0100_institutional.py::EligibilityMatchTests::test_funder_required_qualification_blocks_project_match,travessia,classe da rota conferida em API_AUTHORIZATION_MATRIX.csv,evento em audit_events quando o passo altera estado,docs/execution/TEST_EVIDENCE.md,PASS
Financiador / empresa,Da tese à decisão,edital próprio,passo percorrido com sucesso e recusado quando sem permissão,test_api_features.py::AlertsTests::test_saved_search_tracks_new_calls_and_notifies test_api_workflow.py::JourneyTests::test_full_platform_journey test_e2e_v0181_journeys.py::FullImpactJourney::test_08_match_uses_declared_context_and_ignores_the_plan,travessia,classe da rota conferida em API_AUTHORIZATION_MATRIX.csv,evento em audit_events quando o passo altera estado,docs/execution/TEST_EVIDENCE.md,PASS
Financiador / empresa,Da tese à decisão,triagem de candidaturas,passo percorrido com sucesso e recusado quando sem permissão,test_api_features.py::ContractTests::test_openapi_and_health test_api_workflow.py::JourneyTests::test_external_call_tracking test_api_workflow.py::JourneyTests::test_full_platform_journey,travessia,classe da rota conferida em API_AUTHORIZATION_MATRIX.csv,evento em audit_events quando o passo altera estado,docs/execution/TEST_EVIDENCE.md,PASS
Financiador / empresa,Da tese à decisão,conflito de interesse,passo percorrido com sucesso e recusado quando sem permissão,test_api_workflow.py::JourneyTests::test_full_platform_journey,travessia,classe da rota conferida em API_AUTHORIZATION_MATRIX.csv,evento em audit_events quando o passo altera estado,docs/execution/TEST_EVIDENCE.md,PASS
Financiador / empresa,Da tese à decisão,decisão e aporte,passo percorrido com sucesso e recusado quando sem permissão,test_api_workflow.py::JourneyTests::test_full_platform_journey test_v080.py::PaymentTests::test_contribution_model_legal_gate test_v080.py::PaymentTests::test_dispute_and_cross_tenant,travessia,classe da rota conferida em API_AUTHORIZATION_MATRIX.csv,evento em audit_events quando o passo altera estado,docs/execution/TEST_EVIDENCE.md,PASS
Financiador / empresa,Da tese à decisão,desembolso declarado,passo percorrido com sucesso e recusado quando sem permissão,test_api_workflow.py::JourneyTests::test_full_platform_journey test_v080.py::PaymentTests::test_contribution_model_legal_gate test_v080.py::PaymentTests::test_dispute_and_cross_tenant,travessia,classe da rota conferida em API_AUTHORIZATION_MATRIX.csv,evento em audit_events quando o passo altera estado,docs/execution/TEST_EVIDENCE.md,PASS
Financiador / empresa,Da tese à decisão,validação de indicador,passo percorrido com sucesso e recusado quando sem permissão,test_e2e_v0181_journeys.py::FullImpactJourney::test_07_evidence_and_measurement_validated_by_another_organization test_v0230_frontend.py::TheResponseKeysTheScreensReadAreActuallyReturnedTests::test_the_provenance_screen_gets_chain_gaps_and_document test_v080.py::ImpactTests::test_indicator_reported_vs_validated_flow,travessia,classe da rota conferida em API_AUTHORIZATION_MATRIX.csv,evento em audit_events quando o passo altera estado,docs/execution/TEST_EVIDENCE.md,PASS
Profissional,Do perfil à atuação,perfil,passo percorrido com sucesso e recusado quando sem permissão,test_e2e_v080.py::WebV080::test_admin_and_provider_pages test_e2e_v080.py::WebV080::test_osc_pages_and_report_render,navegador,classe da rota conferida em API_AUTHORIZATION_MATRIX.csv,evento em audit_events quando o passo altera estado,docs/execution/TEST_EVIDENCE.md,PASS
Profissional,Do perfil à atuação,credencial submetida,passo percorrido com sucesso e recusado quando sem permissão,test_api_workflow.py::JourneyTests::test_professional_validation_and_signature test_v0140_trust.py::ProfessionalCredential::test_document_then_human_decision_verifies_and_raises_identity test_v0140_trust.py::ProfessionalCredential::test_revocation_is_recorded,travessia,classe da rota conferida em API_AUTHORIZATION_MATRIX.csv,evento em audit_events quando o passo altera estado,docs/execution/TEST_EVIDENCE.md,PASS
Profissional,Do perfil à atuação,credencial decidida pela plataforma,passo percorrido com sucesso e recusado quando sem permissão,test_v0140_trust.py::ProfessionalCredential::test_document_then_human_decision_verifies_and_raises_identity test_v0140_trust.py::ProfessionalCredential::test_revocation_is_recorded,travessia,classe da rota conferida em API_AUTHORIZATION_MATRIX.csv,evento em audit_events quando o passo altera estado,docs/execution/TEST_EVIDENCE.md,PASS
Profissional,Do perfil à atuação,oportunidade,passo percorrido com sucesso e recusado quando sem permissão,test_e2e_v080.py::WebV080::test_admin_and_provider_pages,navegador,classe da rota conferida em API_AUTHORIZATION_MATRIX.csv,evento em audit_events quando o passo altera estado,docs/execution/TEST_EVIDENCE.md,PASS
Profissional,Do perfil à atuação,parecer / atuação,passo percorrido com sucesso e recusado quando sem permissão,test_v0170_legal.py::ApprovedDocumentTests::test_01_review_then_approval_derives_the_effective_date test_v0170_legal.py::ApprovedDocumentTests::test_02_the_document_then_becomes_pending_for_the_user test_v0170_legal.py::ApprovedDocumentTests::test_03_acceptance_records_version_and_hash_of_the_text,travessia,classe da rota conferida em API_AUTHORIZATION_MATRIX.csv,evento em audit_events quando o passo altera estado,docs/execution/TEST_EVIDENCE.md,PASS
Administração / moderação,Da denúncia à medida,entrada com MFA,passo percorrido com sucesso e recusado quando sem permissão,test_e2e_baseline.py::BaselineE2E::test_admin_logs_in_with_mfa_and_reaches_overview_and_audit,navegador,classe da rota conferida em API_AUTHORIZATION_MATRIX.csv,evento em audit_events quando o passo altera estado,docs/execution/TEST_EVIDENCE.md,PASS
Administração / moderação,Da denúncia à medida,denúncia recebida,passo percorrido com sucesso e recusado quando sem permissão,test_api_features.py::PrivacyAndAdminTests::test_reports_flow test_e2e_v0230_moderation_journey.py::FromComplaintToMeasureAndAppealTests::test_a_travessia_completa_da_denuncia_ao_julgamento_do_recurso test_v080.py::NetworkTests::test_messaging_requires_relationship_blocks_and_privacy,travessia,classe da rota conferida em API_AUTHORIZATION_MATRIX.csv,evento em audit_events quando o passo altera estado,docs/execution/TEST_EVIDENCE.md,PASS
Administração / moderação,Da denúncia à medida,apuração,passo percorrido com sucesso e recusado quando sem permissão,test_api_features.py::PrivacyAndAdminTests::test_reports_flow,travessia,classe da rota conferida em API_AUTHORIZATION_MATRIX.csv,evento em audit_events quando o passo altera estado,docs/execution/TEST_EVIDENCE.md,PASS
Administração / moderação,Da denúncia à medida,manifestação do denunciado,passo percorrido com sucesso e recusado quando sem permissão,test_e2e_v0230_moderation_journey.py::FromComplaintToMeasureAndAppealTests::test_a_travessia_completa_da_denuncia_ao_julgamento_do_recurso,travessia,classe da rota conferida em API_AUTHORIZATION_MATRIX.csv,evento em audit_events quando o passo altera estado,docs/execution/TEST_EVIDENCE.md,PASS
Administração / moderação,Da denúncia à medida,conclusão,passo percorrido com sucesso e recusado quando sem permissão,test_e2e_v0230_moderation_journey.py::FromComplaintToMeasureAndAppealTests::test_a_travessia_completa_da_denuncia_ao_julgamento_do_recurso,travessia,classe da rota conferida em API_AUTHORIZATION_MATRIX.csv,evento em audit_events quando o passo altera estado,docs/execution/TEST_EVIDENCE.md,PASS
Administração / moderação,Da denúncia à medida,medida,passo percorrido com sucesso e recusado quando sem permissão,test_e2e_v0230_moderation_journey.py::FromComplaintToMeasureAndAppealTests::test_a_travessia_completa_da_denuncia_ao_julgamento_do_recurso test_v0160_network.py::EnforcementTests::test_the_target_is_told_and_can_appeal_once,travessia,classe da rota conferida em API_AUTHORIZATION_MATRIX.csv,evento em audit_events quando o passo altera estado,docs/execution/TEST_EVIDENCE.md,PASS
Administração / moderação,Da denúncia à medida,recurso,passo percorrido com sucesso e recusado quando sem permissão,test_e2e_v0230_moderation_journey.py::FromComplaintToMeasureAndAppealTests::test_a_travessia_completa_da_denuncia_ao_julgamento_do_recurso,travessia,classe da rota conferida em API_AUTHORIZATION_MATRIX.csv,evento em audit_events quando o passo altera estado,docs/execution/TEST_EVIDENCE.md,PASS
Administração / moderação,Da denúncia à medida,sinais de risco,passo percorrido com sucesso e recusado quando sem permissão,test_v080.py::RiskTests::test_block_requires_human_decision_and_restricts_operations test_v080.py::RiskTests::test_signals_are_review_items_never_accusations,travessia,classe da rota conferida em API_AUTHORIZATION_MATRIX.csv,evento em audit_events quando o passo altera estado,docs/execution/TEST_EVIDENCE.md,PASS
Administração / moderação,Da denúncia à medida,auditoria,passo percorrido com sucesso e recusado quando sem permissão,test_security_tenancy.py::TenancyTests::test_regular_user_cannot_access_admin,travessia,classe da rota conferida em API_AUTHORIZATION_MATRIX.csv,evento em audit_events quando o passo altera estado,docs/execution/TEST_EVIDENCE.md,PASS
Administração / moderação,Operação interna,controladoria,passo percorrido com sucesso e recusado quando sem permissão,test_v0220_financial_engine.py::TheInternalPanelsAreReachableAndSeparatedTests::test_a_client_organization_never_reaches_any_of_these_panels,travessia,classe da rota conferida em API_AUTHORIZATION_MATRIX.csv,evento em audit_events quando o passo altera estado,docs/execution/TEST_EVIDENCE.md,PASS
Administração / moderação,Operação interna,financeiro e aprovação,passo percorrido com sucesso e recusado quando sem permissão,test_v0220_financial_engine.py::TheInternalPanelsAreReachableAndSeparatedTests::test_a_client_organization_never_reaches_any_of_these_panels,travessia,classe da rota conferida em API_AUTHORIZATION_MATRIX.csv,evento em audit_events quando o passo altera estado,docs/execution/TEST_EVIDENCE.md,PASS
Administração / moderação,Operação interna,contabilidade,passo percorrido com sucesso e recusado quando sem permissão,test_v0220_financial_engine.py::TheInternalPanelsAreReachableAndSeparatedTests::test_a_client_organization_never_reaches_any_of_these_panels,travessia,classe da rota conferida em API_AUTHORIZATION_MATRIX.csv,evento em audit_events quando o passo altera estado,docs/execution/TEST_EVIDENCE.md,PASS
Administração / moderação,Operação interna,integridade dos dados,passo percorrido com sucesso e recusado quando sem permissão,test_architecture.py::ArchitectureTests::test_system_context_only_in_allowed_modules,travessia,classe da rota conferida em API_AUTHORIZATION_MATRIX.csv,evento em audit_events quando o passo altera estado,docs/execution/TEST_EVIDENCE.md,PASS
Administração / moderação,Operação interna,interruptor de emergência,passo percorrido com sucesso e recusado quando sem permissão,test_e2e_v0230_moderation_journey.py::TheEmergencySwitchJourneyTests::test_a_travessia_do_incidente_para_escrever_continuar_vendo_e_voltar,travessia,classe da rota conferida em API_AUTHORIZATION_MATRIX.csv,evento em audit_events quando o passo altera estado,docs/execution/TEST_EVIDENCE.md,PASS
Público (sem sessão),Transparência,páginas públicas,passo percorrido com sucesso e recusado quando sem permissão,test_e2e_knowledge.py::KnowledgeE2E::test_private_pages_redirect_visitor_to_login,navegador,classe da rota conferida em API_AUTHORIZATION_MATRIX.csv,evento em audit_events quando o passo altera estado,docs/execution/TEST_EVIDENCE.md,PASS
Público (sem sessão),Transparência,busca na central,passo percorrido com sucesso e recusado quando sem permissão,test_e2e_knowledge.py::KnowledgeE2E::test_visitor_search_guide_assistant_and_demo,navegador,classe da rota conferida em API_AUTHORIZATION_MATRIX.csv,evento em audit_events quando o passo altera estado,docs/execution/TEST_EVIDENCE.md,PASS
Público (sem sessão),Transparência,verificação de documento,passo percorrido com sucesso e recusado quando sem permissão,test_e2e_v0140_trust.py::TrustE2E::test_third_party_verifies_without_logging_in,navegador,classe da rota conferida em API_AUTHORIZATION_MATRIX.csv,evento em audit_events quando o passo altera estado,docs/execution/TEST_EVIDENCE.md,PASS
Público (sem sessão),Transparência,revogação visível,passo percorrido com sucesso e recusado quando sem permissão,test_e2e_v0140_trust.py::TrustE2E::test_public_page_shows_revocation,navegador,classe da rota conferida em API_AUTHORIZATION_MATRIX.csv,evento em audit_events quando o passo altera estado,docs/execution/TEST_EVIDENCE.md,PASS
Público (sem sessão),Transparência,código inexistente,passo percorrido com sucesso e recusado quando sem permissão,test_e2e_v0140_trust.py::TrustE2E::test_unknown_code_shows_friendly_error,navegador,classe da rota conferida em API_AUTHORIZATION_MATRIX.csv,evento em audit_events quando o passo altera estado,docs/execution/TEST_EVIDENCE.md,PASS
Público (sem sessão),Transparência,campanha e cotas,passo percorrido com sucesso e recusado quando sem permissão,test_e2e_v0140_trust.py::TrustE2E::test_public_campaign_shows_remaining_quotas,navegador,classe da rota conferida em API_AUTHORIZATION_MATRIX.csv,evento em audit_events quando o passo altera estado,docs/execution/TEST_EVIDENCE.md,PASS
